order_id,order_sequence,dashboard_date,order_time_utc8,order_hour_utc8,minutes_from_start,local_order_time,local_hour,country_code,country_name_cn,country_name_en,site,timezone,platform,store_id,store_name,business_type,customer_name,order_amount_usd,currency,order_status,payment_status,is_mock
DEMO2025092900001,1,2025-09-29,2025-09-29 00:16:41,0,16,2025-09-28 23:16:41,23,VN,越南,Vietnam,越南,Asia/Ho_Chi_Minh,mercado,ST005,Xing Fan Go,自营,Juan Thomas,143.64,USD,paid,paid,Y
DEMO2025092900002,2,2025-09-29,2025-09-29 00:18:10,0,18,2025-09-28 12:18:10,12,US,美国,United States,美国,America/New_York,AliExpress,ST002,Camplab Outdoor Peak,自营,Amelia Wright,212.33,USD,paid,paid,Y
DEMO2025092900003,3,2025-09-29,2025-09-29 00:24:39,0,24,2025-09-28 12:24:39,12,US,美国,United States,美国,America/New_York,temu,ST004,Outdoor equipment shop,自营,Theo Clark,245.55,USD,paid,paid,Y
DEMO2025092900004,4,2025-09-29,2025-09-29 00:37:24,0,37,2025-09-28 18:37:24,18,FR,法国,France,法国,Europe/Paris,mercado,ST005,Xing Fan Go,自营,Louis Baker,429.42,USD,paid,paid,Y
DEMO2025092900005,5,2025-09-29,2025-09-29 00:39:55,0,39,2025-09-28 19:39:55,19,RU,俄罗斯,Russia,俄罗斯,Europe/Moscow,tiktok,ST001,YHR C,自营,Ethan Miller,200.57,USD,paid,paid,Y
DEMO2025092900006,6,2025-09-29,2025-09-29 00:42:31,0,42,2025-09-28 19:42:31,19,RU,俄罗斯,Russia,俄罗斯,Europe/Moscow,temu,ST001,YHR C,自营,Sergio Lopez,140.23,USD,paid,paid,Y
DEMO2025092900007,7,2025-09-29,2025-09-29 00:44:13,0,44,2025-09-28 18:44:13,18,FR,法国,France,法国,Europe/Paris,ozon,ST007,YIHRA,自营,Chris Johnson,244.22,USD,paid,paid,Y
DEMO2025092900008,8,2025-09-29,2025-09-29 00:48:20,0,48,2025-09-28 18:48:20,18,FR,法国,France,法国,Europe/Paris,temu,ST003,Coco Sports and Outdoors,自营,Ryan Diaz,340.39,USD,paid,paid,Y
DEMO2025092900009,9,2025-09-29,2025-09-29 00:48:38,0,48,2025-09-28 17:48:38,17,GB,英国,United Kingdom,英国,Europe/London,AliExpress,ST005,Xing Fan Go,自营,Nora Roberts,238.1,USD,paid,paid,Y
DEMO2025092900010,10,2025-09-29,2025-09-29 00:59:04,0,59,2025-09-28 23:59:04,23,VN,越南,Vietnam,越南,Asia/Ho_Chi_Minh,tiktok,ST005,Xing Fan Go,自营,Amelia Carter,177.2,USD,paid,paid,Y
DEMO2025092900011,11,2025-09-29,2025-09-29 00:59:41,0,59,2025-09-28 19:59:41,19,RU,俄罗斯,Russia,俄罗斯,Europe/Moscow,ozon,ST002,Camplab Outdoor Peak,自营,Liam Thomas,141.41,USD,paid,paid,Y
DEMO2025092900012,12,2025-09-29,2025-09-29 01:00:31,1,60,2025-09-29 00:00:31,0,VN,越南,Vietnam,越南,Asia/Ho_Chi_Minh,AliExpress,ST006,Xing Fan Go,自营,Maria Tan,186.73,USD,paid,paid,Y
DEMO2025092900013,13,2025-09-29,2025-09-29 01:01:50,1,61,2025-09-28 13:01:50,13,US,美国,United States,美国,America/New_York,tiktok,ST001,YHR C,自营,Louis Santos,176.7,USD,paid,paid,Y
DEMO2025092900014,14,2025-09-29,2025-09-29 01:07:24,1,67,2025-09-28 18:07:24,18,GB,英国,United Kingdom,英国,Europe/London,temu,ST003,Coco Sports and Outdoors,自营,Lucas Young,198.05,USD,paid,paid,Y
DEMO2025092900015,15,2025-09-29,2025-09-29 01:12:55,1,72,2025-09-28 19:12:55,19,FR,法国,France,法国,Europe/Paris,temu,ST002,Camplab Outdoor Peak,自营,Noah Pham,172.54,USD,paid,paid,Y
DEMO2025092900016,16,2025-09-29,2025-09-29 01:15:11,1,75,2025-09-28 13:15:11,13,US,美国,United States,美国,America/New_York,tiktok,ST005,Xing Fan Go,自营,Amelia Walker,128.72,USD,paid,paid,Y
DEMO2025092900017,17,2025-09-29,2025-09-29 01:18:00,1,78,2025-09-28 20:18:00,20,RU,俄罗斯,Russia,俄罗斯,Europe/Moscow,ozon,ST005,Xing Fan Go,自营,Noah Nguyen,192.36,USD,paid,paid,Y
DEMO2025092900018,18,2025-09-29,2025-09-29 01:18:04,1,78,2025-09-28 13:18:04,13,US,美国,United States,美国,America/New_York,tiktok,ST004,Outdoor equipment shop,自营,Mia Pham,192.19,USD,paid,paid,Y
DEMO2025092900019,19,2025-09-29,2025-09-29 01:20:54,1,80,2025-09-28 20:20:54,20,RU,俄罗斯,Russia,俄罗斯,Europe/Moscow,temu,ST007,YIHRA,自营,Juan Petrov,209.66,USD,paid,paid,Y
DEMO2025092900020,20,2025-09-29,2025-09-29 01:29:10,1,89,2025-09-28 13:29:10,13,US,美国,United States,美国,America/New_York,tiktok,ST005,Xing Fan Go,自营,Chris Clark,222.0,USD,paid,paid,Y
DEMO2025092900021,21,2025-09-29,2025-09-29 01:30:41,1,90,2025-09-28 13:30:41,13,US,美国,United States,美国,America/New_York,tiktok,ST002,Camplab Outdoor Peak,自营,Theo Lopez,163.38,USD,paid,paid,Y
DEMO2025092900022,22,2025-09-29,2025-09-29 01:32:24,1,92,2025-09-28 13:32:24,13,US,美国,United States,美国,America/New_York,temu,ST005,Xing Fan Go,自营,Sergio Jones,229.9,USD,paid,paid,Y
DEMO2025092900023,23,2025-09-29,2025-09-29 01:36:19,1,96,2025-09-28 20:36:19,20,RU,俄罗斯,Russia,俄罗斯,Europe/Moscow,tiktok,ST005,Xing Fan Go,自营,Daniel Santos,212.87,USD,paid,paid,Y
DEMO2025092900024,24,2025-09-29,2025-09-29 01:38:56,1,98,2025-09-29 00:38:56,0,VN,越南,Vietnam,越南,Asia/Ho_Chi_Minh,temu,ST002,Camplab Outdoor Peak,自营,Oscar Wilson,157.95,USD,paid,paid,Y
DEMO2025092900025,25,2025-09-29,2025-09-29 01:40:22,1,100,2025-09-29 01:40:22,1,PH,菲律宾,Philippines,菲律宾,Asia/Manila,tiktok,ST003,Coco Sports and Outdoors,自营,Nina Pham,173.3,USD,paid,paid,Y
DEMO2025092900026,26,2025-09-29,2025-09-29 01:41:16,1,101,2025-09-28 19:41:16,19,FR,法国,France,法国,Europe/Paris,tiktok,ST007,YIHRA,自营,Mason Roberts,154.15,USD,paid,paid,Y
DEMO2025092900027,27,2025-09-29,2025-09-29 01:41:26,1,101,2025-09-28 20:41:26,20,RU,俄罗斯,Russia,俄罗斯,Europe/Moscow,AliExpress,ST001,YHR C,自营,Mia Taylor,141.44,USD,paid,paid,Y
DEMO2025092900028,28,2025-09-29,2025-09-29 01:45:34,1,105,2025-09-29 00:45:34,0,VN,越南,Vietnam,越南,Asia/Ho_Chi_Minh,temu,ST002,Camplab Outdoor Peak,自营,Amelia Lim,125.88,USD,paid,paid,Y
DEMO2025092900029,29,2025-09-29,2025-09-29 01:48:49,1,108,2025-09-29 01:48:49,1,PH,菲律宾,Philippines,菲律宾,Asia/Manila,tiktok,ST003,Coco Sports and Outdoors,自营,Hugo King,254.01,USD,paid,paid,Y
DEMO2025092900030,30,2025-09-29,2025-09-29 01:59:18,1,119,2025-09-28 13:59:18,13,US,美国,United States,美国,America/New_York,temu,ST003,Coco Sports and Outdoors,自营,Mason Tan,216.11,USD,paid,paid,Y
DEMO2025092900031,31,2025-09-29,2025-09-29 02:00:47,2,120,2025-09-28 20:00:47,20,FR,法国,France,法国,Europe/Paris,AliExpress,ST003,Coco Sports and Outdoors,自营,Louis Smith,194.4,USD,paid,paid,Y
DEMO2025092900032,32,2025-09-29,2025-09-29 02:01:41,2,121,2025-09-29 01:01:41,1,VN,越南,Vietnam,越南,Asia/Ho_Chi_Minh,tiktok,ST006,Xing Fan Go,自营,Emma Moore,148.65,USD,paid,paid,Y
DEMO2025092900033,33,2025-09-29,2025-09-29 02:12:59,2,132,2025-09-28 14:12:59,14,US,美国,United States,美国,America/New_York,temu,ST006,Xing Fan Go,自营,Maria Nguyen,256.0,USD,paid,paid,Y
DEMO2025092900034,34,2025-09-29,2025-09-29 02:16:52,2,136,2025-09-28 21:16:52,21,RU,俄罗斯,Russia,俄罗斯,Europe/Moscow,ozon,ST006,Xing Fan Go,自营,Kai Baker,249.12,USD,paid,paid,Y
DEMO2025092900035,35,2025-09-29,2025-09-29 02:18:55,2,138,2025-09-28 21:18:55,21,RU,俄罗斯,Russia,俄罗斯,Europe/Moscow,ozon,ST004,Outdoor equipment shop,自营,Theo Roberts,175.04,USD,paid,paid,Y
DEMO2025092900036,36,2025-09-29,2025-09-29 02:20:15,2,140,2025-09-28 19:20:15,19,GB,英国,United Kingdom,英国,Europe/London,tiktok,ST003,Coco Sports and Outdoors,自营,Alex Lee,251.34,USD,paid,paid,Y
DEMO2025092900037,37,2025-09-29,2025-09-29 02:21:01,2,141,2025-09-29 01:21:01,1,VN,越南,Vietnam,越南,Asia/Ho_Chi_Minh,tiktok,ST005,Xing Fan Go,自营,Mason Smith,463.43,USD,paid,paid,Y
DEMO2025092900038,38,2025-09-29,2025-09-29 02:21:35,2,141,2025-09-28 19:21:35,19,GB,英国,United Kingdom,英国,Europe/London,tiktok,ST003,Coco Sports and Outdoors,自营,Anh Thomas,175.43,USD,paid,paid,Y
DEMO2025092900039,39,2025-09-29,2025-09-29 02:22:42,2,142,2025-09-28 21:22:42,21,RU,俄罗斯,Russia,俄罗斯,Europe/Moscow,tiktok,ST004,Outdoor equipment shop,自营,Olivia Roberts,530.12,USD,paid,paid,Y
DEMO2025092900040,40,2025-09-29,2025-09-29 02:25:15,2,145,2025-09-28 21:25:15,21,RU,俄罗斯,Russia,俄罗斯,Europe/Moscow,ozon,ST001,YHR C,自营,Dmitry Smith,204.02,USD,paid,paid,Y
DEMO2025092900041,41,2025-09-29,2025-09-29 02:31:00,2,151,2025-09-28 14:31:00,14,US,美国,United States,美国,America/New_York,temu,ST001,YHR C,自营,Logan Hill,146.87,USD,paid,paid,Y
DEMO2025092900042,42,2025-09-29,2025-09-29 02:33:32,2,153,2025-09-28 20:33:32,20,FR,法国,France,法国,Europe/Paris,temu,ST004,Outdoor equipment shop,自营,Ryan Walker,221.89,USD,paid,paid,Y
DEMO2025092900043,43,2025-09-29,2025-09-29 02:36:16,2,156,2025-09-28 14:36:16,14,US,美国,United States,美国,America/New_York,tiktok,ST002,Camplab Outdoor Peak,自营,Ava Clark,149.16,USD,paid,paid,Y
DEMO2025092900044,44,2025-09-29,2025-09-29 02:37:57,2,157,2025-09-28 19:37:57,19,GB,英国,United Kingdom,英国,Europe/London,temu,ST002,Camplab Outdoor Peak,自营,Ava Wilson,301.48,USD,paid,paid,Y
DEMO2025092900045,45,2025-09-29,2025-09-29 02:38:02,2,158,2025-09-28 19:38:02,19,GB,英国,United Kingdom,英国,Europe/London,mercado,ST004,Outdoor equipment shop,自营,Ryan Wright,192.11,USD,paid,paid,Y
DEMO2025092900046,46,2025-09-29,2025-09-29 02:41:43,2,161,2025-09-29 01:41:43,1,TH,泰国,Thailand,泰国,Asia/Bangkok,tiktok,ST007,YIHRA,自营,Nguyen King,137.47,USD,paid,paid,Y
DEMO2025092900047,47,2025-09-29,2025-09-29 02:44:35,2,164,2025-09-28 14:44:35,14,US,美国,United States,美国,America/New_York,tiktok,ST003,Coco Sports and Outdoors,自营,Jack Clark,190.05,USD,paid,paid,Y
DEMO2025092900048,48,2025-09-29,2025-09-29 02:44:50,2,164,2025-09-28 21:44:50,21,RU,俄罗斯,Russia,俄罗斯,Europe/Moscow,ozon,ST003,Coco Sports and Outdoors,自营,Ella Taylor,217.26,USD,paid,paid,Y
DEMO2025092900049,49,2025-09-29,2025-09-29 02:48:07,2,168,2025-09-28 20:48:07,20,FR,法国,France,法国,Europe/Paris,tiktok,ST006,Xing Fan Go,自营,Grace Baker,360.78,USD,paid,paid,Y
DEMO2025092900050,50,2025-09-29,2025-09-29 02:59:13,2,179,2025-09-28 14:59:13,14,US,美国,United States,美国,America/New_York,mercado,ST006,Xing Fan Go,自营,Anh Moore,165.85,USD,paid,paid,Y
DEMO2025092900051,51,2025-09-29,2025-09-29 03:00:14,3,180,2025-09-28 15:00:14,15,US,美国,United States,美国,America/New_York,temu,ST002,Camplab Outdoor Peak,自营,Jack Thomas,252.33,USD,paid,paid,Y
DEMO2025092900052,52,2025-09-29,2025-09-29 03:00:34,3,180,2025-09-28 15:00:34,15,US,美国,United States,美国,America/New_York,AliExpress,ST001,YHR C,自营,Ava Moore,157.48,USD,paid,paid,Y
DEMO2025092900053,53,2025-09-29,2025-09-29 03:18:51,3,198,2025-09-28 20:18:51,20,GB,英国,United Kingdom,英国,Europe/London,temu,ST006,Xing Fan Go,自营,Noah Chen,203.58,USD,paid,paid,Y
DEMO2025092900054,54,2025-09-29,2025-09-29 03:19:33,3,199,2025-09-28 21:19:33,21,FR,法国,France,法国,Europe/Paris,temu,ST005,Xing Fan Go,自营,Logan Chen,238.3,USD,paid,paid,Y
DEMO2025092900055,55,2025-09-29,2025-09-29 03:31:13,3,211,2025-09-28 15:31:13,15,US,美国,United States,美国,America/New_York,AliExpress,ST001,YHR C,自营,Nora Ivanov,244.99,USD,paid,paid,Y
DEMO2025092900056,56,2025-09-29,2025-09-29 03:32:55,3,212,2025-09-28 20:32:55,20,GB,英国,United Kingdom,英国,Europe/London,mercado,ST003,Coco Sports and Outdoors,自营,Ethan Chen,246.47,USD,paid,paid,Y
DEMO2025092900057,57,2025-09-29,2025-09-29 03:42:27,3,222,2025-09-28 21:42:27,21,FR,法国,France,法国,Europe/Paris,tiktok,ST002,Camplab Outdoor Peak,自营,Nora Petrov,146.26,USD,paid,paid,Y
DEMO2025092900058,58,2025-09-29,2025-09-29 03:42:31,3,222,2025-09-28 21:42:31,21,FR,法国,France,法国,Europe/Paris,AliExpress,ST004,Outdoor equipment shop,自营,Amelia Lee,322.74,USD,paid,paid,Y
DEMO2025092900059,59,2025-09-29,2025-09-29 03:43:43,3,223,2025-09-28 20:43:43,20,GB,英国,United Kingdom,英国,Europe/London,temu,ST006,Xing Fan Go,自营,Mason Wilson,181.55,USD,paid,paid,Y
DEMO2025092900060,60,2025-09-29,2025-09-29 03:43:53,3,223,2025-09-28 15:43:53,15,US,美国,United States,美国,America/New_York,tiktok,ST003,Coco Sports and Outdoors,自营,Juan Lim,143.47,USD,paid,paid,Y
DEMO2025092900061,61,2025-09-29,2025-09-29 03:44:45,3,224,2025-09-28 22:44:45,22,RU,俄罗斯,Russia,俄罗斯,Europe/Moscow,ozon,ST003,Coco Sports and Outdoors,自营,James Johnson,256.0,USD,paid,paid,Y
DEMO2025092900062,62,2025-09-29,2025-09-29 04:00:03,4,240,2025-09-28 21:00:03,21,GB,英国,United Kingdom,英国,Europe/London,mercado,ST004,Outdoor equipment shop,自营,Kai Chen,356.42,USD,paid,paid,Y
DEMO2025092900063,63,2025-09-29,2025-09-29 04:15:16,4,255,2025-09-28 23:15:16,23,RU,俄罗斯,Russia,俄罗斯,Europe/Moscow,tiktok,ST003,Coco Sports and Outdoors,自营,Nguyen Taylor,189.21,USD,paid,paid,Y
DEMO2025092900064,64,2025-09-29,2025-09-29 04:28:33,4,268,2025-09-28 21:28:33,21,GB,英国,United Kingdom,英国,Europe/London,AliExpress,ST004,Outdoor equipment shop,自营,Ella Tan,226.38,USD,paid,paid,Y
DEMO2025092900065,65,2025-09-29,2025-09-29 04:32:26,4,272,2025-09-28 21:32:26,21,GB,英国,United Kingdom,英国,Europe/London,ozon,ST003,Coco Sports and Outdoors,自营,Kai Chen,227.24,USD,paid,paid,Y
DEMO2025092900066,66,2025-09-29,2025-09-29 04:42:15,4,282,2025-09-29 03:42:15,3,VN,越南,Vietnam,越南,Asia/Ho_Chi_Minh,temu,ST006,Xing Fan Go,自营,Juan Green,251.67,USD,paid,paid,Y
DEMO2025092900067,67,2025-09-29,2025-09-29 04:48:50,4,288,2025-09-28 22:48:50,22,FR,法国,France,法国,Europe/Paris,AliExpress,ST005,Xing Fan Go,自营,Ethan King,253.88,USD,paid,paid,Y
DEMO2025092900068,68,2025-09-29,2025-09-29 05:06:37,5,306,2025-09-28 17:06:37,17,US,美国,United States,美国,America/New_York,temu,ST007,YIHRA,自营,Dmitry Clark,143.97,USD,paid,paid,Y
DEMO2025092900069,69,2025-09-29,2025-09-29 05:08:38,5,308,2025-09-28 22:08:38,22,GB,英国,United Kingdom,英国,Europe/London,AliExpress,ST007,YIHRA,自营,Mia Smith,142.33,USD,paid,paid,Y
DEMO2025092900070,70,2025-09-29,2025-09-29 05:22:41,5,322,2025-09-28 17:22:41,17,US,美国,United States,美国,America/New_York,tiktok,ST003,Coco Sports and Outdoors,自营,Juan Smith,191.22,USD,paid,paid,Y
DEMO2025092900071,71,2025-09-29,2025-09-29 05:27:48,5,327,2025-09-29 00:27:48,0,RU,俄罗斯,Russia,俄罗斯,Europe/Moscow,AliExpress,ST002,Camplab Outdoor Peak,自营,Noah Tan,207.06,USD,paid,paid,Y
DEMO2025092900072,72,2025-09-29,2025-09-29 05:30:38,5,330,2025-09-28 17:30:38,17,US,美国,United States,美国,America/New_York,mercado,ST007,YIHRA,自营,Ivan Anderson,545.62,USD,paid,paid,Y
DEMO2025092900073,73,2025-09-29,2025-09-29 05:32:42,5,332,2025-09-28 17:32:42,17,US,美国,United States,美国,America/New_York,temu,ST007,YIHRA,自营,Mason Clark,201.72,USD,paid,paid,Y
DEMO2025092900074,74,2025-09-29,2025-09-29 05:40:45,5,340,2025-09-28 22:40:45,22,GB,英国,United Kingdom,英国,Europe/London,AliExpress,ST007,YIHRA,自营,Ella King,319.52,USD,paid,paid,Y
DEMO2025092900075,75,2025-09-29,2025-09-29 05:59:22,5,359,2025-09-28 17:59:22,17,US,美国,United States,美国,America/New_York,temu,ST004,Outdoor equipment shop,自营,Liam Chen,188.93,USD,paid,paid,Y
DEMO2025092900076,76,2025-09-29,2025-09-29 06:01:38,6,361,2025-09-28 18:01:38,18,US,美国,United States,美国,America/New_York,mercado,ST003,Coco Sports and Outdoors,自营,Mia Jones,238.92,USD,paid,paid,Y
DEMO2025092900077,77,2025-09-29,2025-09-29 06:07:09,6,367,2025-09-28 18:07:09,18,US,美国,United States,美国,America/New_York,temu,ST005,Xing Fan Go,自营,Efrain Carter,148.0,USD,paid,paid,Y
DEMO2025092900078,78,2025-09-29,2025-09-29 06:07:52,6,367,2025-09-28 18:07:52,18,US,美国,United States,美国,America/New_York,tiktok,ST005,Xing Fan Go,自营,Hugo Martin,161.45,USD,paid,paid,Y
DEMO2025092900079,79,2025-09-29,2025-09-29 06:13:14,6,373,2025-09-28 18:13:14,18,US,美国,United States,美国,America/New_York,AliExpress,ST002,Camplab Outdoor Peak,自营,Liam Pham,203.05,USD,paid,paid,Y
DEMO2025092900080,80,2025-09-29,2025-09-29 06:21:56,6,381,2025-09-28 18:21:56,18,US,美国,United States,美国,America/New_York,temu,ST001,YHR C,自营,Logan Hill,179.76,USD,paid,paid,Y
DEMO2025092900081,81,2025-09-29,2025-09-29 06:26:23,6,386,2025-09-28 18:26:23,18,US,美国,United States,美国,America/New_York,tiktok,ST006,Xing Fan Go,自营,Nguyen Wilson,228.76,USD,paid,paid,Y
DEMO2025092900082,82,2025-09-29,2025-09-29 06:26:35,6,386,2025-09-28 18:26:35,18,US,美国,United States,美国,America/New_York,mercado,ST003,Coco Sports and Outdoors,自营,Ethan Smith,213.89,USD,paid,paid,Y
DEMO2025092900083,83,2025-09-29,2025-09-29 06:33:58,6,393,2025-09-28 18:33:58,18,US,美国,United States,美国,America/New_York,mercado,ST002,Camplab Outdoor Peak,自营,James Adams,134.43,USD,paid,paid,Y
DEMO2025092900084,84,2025-09-29,2025-09-29 06:41:07,6,401,2025-09-28 18:41:07,18,US,美国,United States,美国,America/New_York,tiktok,ST007,YIHRA,自营,Nina Lee,125.76,USD,paid,paid,Y
DEMO2025092900085,85,2025-09-29,2025-09-29 06:42:06,6,402,2025-09-28 18:42:06,18,US,美国,United States,美国,America/New_York,tiktok,ST003,Coco Sports and Outdoors,自营,Lucas Garcia,138.38,USD,paid,paid,Y
DEMO2025092900086,86,2025-09-29,2025-09-29 06:45:02,6,405,2025-09-28 18:45:02,18,US,美国,United States,美国,America/New_York,AliExpress,ST003,Coco Sports and Outdoors,自营,Maria Tran,229.45,USD,paid,paid,Y
DEMO2025092900087,87,2025-09-29,2025-09-29 06:52:05,6,412,2025-09-28 18:52:05,18,US,美国,United States,美国,America/New_York,tiktok,ST001,YHR C,自营,Ella Miller,192.49,USD,paid,paid,Y
DEMO2025092900088,88,2025-09-29,2025-09-29 06:54:22,6,414,2025-09-28 18:54:22,18,US,美国,United States,美国,America/New_York,tiktok,ST007,YIHRA,自营,Anh Taylor,232.04,USD,paid,paid,Y
DEMO2025092900089,89,2025-09-29,2025-09-29 07:01:03,7,421,2025-09-28 19:01:03,19,US,美国,United States,美国,America/New_York,AliExpress,ST005,Xing Fan Go,自营,Kai Lopez,186.86,USD,paid,paid,Y
DEMO2025092900090,90,2025-09-29,2025-09-29 07:09:52,7,429,2025-09-28 19:09:52,19,US,美国,United States,美国,America/New_York,AliExpress,ST007,YIHRA,自营,Olivia Pham,251.0,USD,paid,paid,Y
DEMO2025092900091,91,2025-09-29,2025-09-29 07:10:00,7,430,2025-09-29 07:10:00,7,MY,马来西亚,Malaysia,马来西亚,Asia/Kuala_Lumpur,tiktok,ST002,Camplab Outdoor Peak,自营,Sergio Wilson,166.28,USD,paid,paid,Y
DEMO2025092900092,92,2025-09-29,2025-09-29 07:16:06,7,436,2025-09-28 19:16:06,19,US,美国,United States,美国,America/New_York,tiktok,ST004,Outdoor equipment shop,自营,Nguyen Moore,225.99,USD,paid,paid,Y
DEMO2025092900093,93,2025-09-29,2025-09-29 07:23:59,7,443,2025-09-28 19:23:59,19,US,美国,United States,美国,America/New_York,tiktok,ST003,Coco Sports and Outdoors,自营,Noah Miller,167.97,USD,paid,paid,Y
DEMO2025092900094,94,2025-09-29,2025-09-29 07:25:06,7,445,2025-09-28 19:25:06,19,US,美国,United States,美国,America/New_York,temu,ST001,YHR C,自营,James Petrov,246.0,USD,paid,paid,Y
DEMO2025092900095,95,2025-09-29,2025-09-29 07:31:08,7,451,2025-09-28 19:31:08,19,US,美国,United States,美国,America/New_York,temu,ST007,YIHRA,自营,Leo Lee,154.59,USD,paid,paid,Y
DEMO2025092900096,96,2025-09-29,2025-09-29 07:32:21,7,452,2025-09-28 19:32:21,19,US,美国,United States,美国,America/New_York,tiktok,ST002,Camplab Outdoor Peak,自营,James Wilson,303.22,USD,paid,paid,Y
DEMO2025092900097,97,2025-09-29,2025-09-29 07:34:12,7,454,2025-09-28 19:34:12,19,US,美国,United States,美国,America/New_York,mercado,ST002,Camplab Outdoor Peak,自营,Logan Taylor,172.59,USD,paid,paid,Y
DEMO2025092900098,98,2025-09-29,2025-09-29 07:37:25,7,457,2025-09-28 19:37:25,19,US,美国,United States,美国,America/New_York,tiktok,ST007,YIHRA,自营,Ryan Adams,147.7,USD,paid,paid,Y
DEMO2025092900099,99,2025-09-29,2025-09-29 07:39:23,7,459,2025-09-28 19:39:23,19,US,美国,United States,美国,America/New_York,tiktok,ST004,Outdoor equipment shop,自营,Sophia Miller,396.89,USD,paid,paid,Y
DEMO2025092900100,100,2025-09-29,2025-09-29 07:42:48,7,462,2025-09-28 19:42:48,19,US,美国,United States,美国,America/New_York,tiktok,ST006,Xing Fan Go,自营,Ella Anderson,228.43,USD,paid,paid,Y
DEMO2025092900101,101,2025-09-29,2025-09-29 07:44:19,7,464,2025-09-29 07:44:19,7,MY,马来西亚,Malaysia,马来西亚,Asia/Kuala_Lumpur,tiktok,ST001,YHR C,自营,Mia Young,387.75,USD,paid,paid,Y
DEMO2025092900102,102,2025-09-29,2025-09-29 07:48:53,7,468,2025-09-29 07:48:53,7,MY,马来西亚,Malaysia,马来西亚,Asia/Kuala_Lumpur,temu,ST002,Camplab Outdoor Peak,自营,Noah Lopez,363.36,USD,paid,paid,Y
DEMO2025092900103,103,2025-09-29,2025-09-29 07:59:48,7,479,2025-09-28 19:59:48,19,US,美国,United States,美国,America/New_York,temu,ST005,Xing Fan Go,自营,Lucas Baker,186.42,USD,paid,paid,Y
DEMO2025092900104,104,2025-09-29,2025-09-29 08:14:52,8,494,2025-09-29 03:14:52,3,RU,俄罗斯,Russia,俄罗斯,Europe/Moscow,AliExpress,ST002,Camplab Outdoor Peak,自营,Sophia Martin,189.99,USD,paid,paid,Y
DEMO2025092900105,105,2025-09-29,2025-09-29 08:15:51,8,495,2025-09-28 20:15:51,20,US,美国,United States,美国,America/New_York,temu,ST007,YIHRA,自营,Chris Petrov,185.93,USD,paid,paid,Y
DEMO2025092900106,106,2025-09-29,2025-09-29 08:19:50,8,499,2025-09-28 20:19:50,20,US,美国,United States,美国,America/New_York,temu,ST003,Coco Sports and Outdoors,自营,Nina Adams,255.44,USD,paid,paid,Y
DEMO2025092900107,107,2025-09-29,2025-09-29 08:22:16,8,502,2025-09-28 20:22:16,20,US,美国,United States,美国,America/New_York,AliExpress,ST002,Camplab Outdoor Peak,自营,Anh Jones,209.6,USD,paid,paid,Y
DEMO2025092900108,108,2025-09-29,2025-09-29 08:24:17,8,504,2025-09-28 20:24:17,20,US,美国,United States,美国,America/New_York,temu,ST002,Camplab Outdoor Peak,自营,Mason Lopez,130.8,USD,paid,paid,Y
DEMO2025092900109,109,2025-09-29,2025-09-29 08:31:41,8,511,2025-09-28 20:31:41,20,US,美国,United States,美国,America/New_York,temu,ST006,Xing Fan Go,自营,Noah Miller,131.73,USD,paid,paid,Y
DEMO2025092900110,110,2025-09-29,2025-09-29 08:33:09,8,513,2025-09-29 08:33:09,8,PH,菲律宾,Philippines,菲律宾,Asia/Manila,tiktok,ST003,Coco Sports and Outdoors,自营,Liam Garcia,190.31,USD,paid,paid,Y
DEMO2025092900111,111,2025-09-29,2025-09-29 08:36:10,8,516,2025-09-29 01:36:10,1,GB,英国,United Kingdom,英国,Europe/London,temu,ST004,Outdoor equipment shop,自营,Jack Moore,293.74,USD,paid,paid,Y
DEMO2025092900112,112,2025-09-29,2025-09-29 08:38:23,8,518,2025-09-28 20:38:23,20,US,美国,United States,美国,America/New_York,tiktok,ST007,YIHRA,自营,Jack Lim,175.56,USD,paid,paid,Y
DEMO2025092900113,113,2025-09-29,2025-09-29 08:39:48,8,519,2025-09-29 01:39:48,1,GB,英国,United Kingdom,英国,Europe/London,AliExpress,ST003,Coco Sports and Outdoors,自营,Nina Santos,220.89,USD,paid,paid,Y
DEMO2025092900114,114,2025-09-29,2025-09-29 08:44:33,8,524,2025-09-28 20:44:33,20,US,美国,United States,美国,America/New_York,temu,ST007,YIHRA,自营,Arthur Chen,195.7,USD,paid,paid,Y
DEMO2025092900115,115,2025-09-29,2025-09-29 08:47:28,8,527,2025-09-28 20:47:28,20,US,美国,United States,美国,America/New_York,AliExpress,ST006,Xing Fan Go,自营,Nina Wright,360.75,USD,paid,paid,Y
DEMO2025092900116,116,2025-09-29,2025-09-29 08:49:58,8,529,2025-09-28 20:49:58,20,US,美国,United States,美国,America/New_York,temu,ST007,YIHRA,自营,Ava Moore,180.24,USD,paid,paid,Y
DEMO2025092900117,117,2025-09-29,2025-09-29 09:00:33,9,540,2025-09-29 09:00:33,9,MY,马来西亚,Malaysia,马来西亚,Asia/Kuala_Lumpur,AliExpress,ST003,Coco Sports and Outdoors,自营,Maria Evans,155.17,USD,paid,paid,Y
DEMO2025092900118,118,2025-09-29,2025-09-29 09:13:21,9,553,2025-09-28 21:13:21,21,US,美国,United States,美国,America/New_York,AliExpress,ST003,Coco Sports and Outdoors,自营,Mia Brown,162.61,USD,paid,paid,Y
DEMO2025092900119,119,2025-09-29,2025-09-29 09:14:56,9,554,2025-09-29 09:14:56,9,PH,菲律宾,Philippines,菲律宾,Asia/Manila,tiktok,ST002,Camplab Outdoor Peak,自营,Sergio Carter,177.74,USD,paid,paid,Y
DEMO2025092900120,120,2025-09-29,2025-09-29 09:17:21,9,557,2025-09-28 21:17:21,21,US,美国,United States,美国,America/New_York,AliExpress,ST006,Xing Fan Go,自营,Arun Martin,256.0,USD,paid,paid,Y
DEMO2025092900121,121,2025-09-29,2025-09-29 09:17:51,9,557,2025-09-29 09:17:51,9,MY,马来西亚,Malaysia,马来西亚,Asia/Kuala_Lumpur,temu,ST004,Outdoor equipment shop,自营,Kai Young,232.88,USD,paid,paid,Y
DEMO2025092900122,122,2025-09-29,2025-09-29 09:19:30,9,559,2025-09-28 21:19:30,21,US,美国,United States,美国,America/New_York,temu,ST002,Camplab Outdoor Peak,自营,Maria Ivanov,207.66,USD,paid,paid,Y
DEMO2025092900123,123,2025-09-29,2025-09-29 09:20:18,9,560,2025-09-29 09:20:18,9,PH,菲律宾,Philippines,菲律宾,Asia/Manila,temu,ST002,Camplab Outdoor Peak,自营,Logan Taylor,255.06,USD,paid,paid,Y
DEMO2025092900124,124,2025-09-29,2025-09-29 09:25:31,9,565,2025-09-29 09:25:31,9,MY,马来西亚,Malaysia,马来西亚,Asia/Kuala_Lumpur,AliExpress,ST002,Camplab Outdoor Peak,自营,Nora Moore,182.65,USD,paid,paid,Y
DEMO2025092900125,125,2025-09-29,2025-09-29 09:37:58,9,577,2025-09-29 08:37:58,8,TH,泰国,Thailand,泰国,Asia/Bangkok,AliExpress,ST005,Xing Fan Go,自营,Leo Santos,220.24,USD,paid,paid,Y
DEMO2025092900126,126,2025-09-29,2025-09-29 09:39:39,9,579,2025-09-28 21:39:39,21,US,美国,United States,美国,America/New_York,tiktok,ST002,Camplab Outdoor Peak,自营,Logan Chen,172.49,USD,paid,paid,Y
DEMO2025092900127,127,2025-09-29,2025-09-29 09:47:12,9,587,2025-09-28 21:47:12,21,US,美国,United States,美国,America/New_York,mercado,ST007,YIHRA,自营,Logan Taylor,256.0,USD,paid,paid,Y
DEMO2025092900128,128,2025-09-29,2025-09-29 09:47:17,9,587,2025-09-29 08:47:17,8,TH,泰国,Thailand,泰国,Asia/Bangkok,mercado,ST002,Camplab Outdoor Peak,自营,Minh King,241.03,USD,paid,paid,Y
DEMO2025092900129,129,2025-09-29,2025-09-29 09:49:39,9,589,2025-09-28 21:49:39,21,US,美国,United States,美国,America/New_York,tiktok,ST001,YHR C,自营,Ava Roberts,246.74,USD,paid,paid,Y
DEMO2025092900130,130,2025-09-29,2025-09-29 09:49:50,9,589,2025-09-28 21:49:50,21,US,美国,United States,美国,America/New_York,temu,ST005,Xing Fan Go,自营,Louis Wright,134.89,USD,paid,paid,Y
DEMO2025092900131,131,2025-09-29,2025-09-29 09:50:23,9,590,2025-09-29 08:50:23,8,VN,越南,Vietnam,越南,Asia/Ho_Chi_Minh,AliExpress,ST007,YIHRA,自营,Ryan Cook,349.95,USD,paid,paid,Y
DEMO2025092900132,132,2025-09-29,2025-09-29 09:50:51,9,590,2025-09-28 21:50:51,21,US,美国,United States,美国,America/New_York,temu,ST003,Coco Sports and Outdoors,自营,Ethan Jones,148.8,USD,paid,paid,Y
DEMO2025092900133,133,2025-09-29,2025-09-29 09:51:18,9,591,2025-09-29 04:51:18,4,RU,俄罗斯,Russia,俄罗斯,Europe/Moscow,tiktok,ST005,Xing Fan Go,自营,Sophia Wilson,134.17,USD,paid,paid,Y
DEMO2025092900134,134,2025-09-29,2025-09-29 09:55:24,9,595,2025-09-28 21:55:24,21,US,美国,United States,美国,America/New_York,tiktok,ST006,Xing Fan Go,自营,Anh Miller,541.12,USD,paid,paid,Y
DEMO2025092900135,135,2025-09-29,2025-09-29 09:59:45,9,599,2025-09-29 08:59:45,8,VN,越南,Vietnam,越南,Asia/Ho_Chi_Minh,tiktok,ST005,Xing Fan Go,自营,Leo Wright,218.41,USD,paid,paid,Y
DEMO2025092900136,136,2025-09-29,2025-09-29 10:21:54,10,621,2025-09-28 22:21:54,22,US,美国,United States,美国,America/New_York,temu,ST002,Camplab Outdoor Peak,自营,Chris Anderson,255.15,USD,paid,paid,Y
DEMO2025092900137,137,2025-09-29,2025-09-29 10:26:38,10,626,2025-09-28 22:26:38,22,US,美国,United States,美国,America/New_York,temu,ST005,Xing Fan Go,自营,Ethan Taylor,138.84,USD,paid,paid,Y
DEMO2025092900138,138,2025-09-29,2025-09-29 10:29:58,10,629,2025-09-28 22:29:58,22,US,美国,United States,美国,America/New_York,AliExpress,ST002,Camplab Outdoor Peak,自营,Anh Wright,594.23,USD,paid,paid,Y
DEMO2025092900139,139,2025-09-29,2025-09-29 10:32:42,10,632,2025-09-28 22:32:42,22,US,美国,United States,美国,America/New_York,ozon,ST003,Coco Sports and Outdoors,自营,Grace Garcia,182.38,USD,paid,paid,Y
DEMO2025092900140,140,2025-09-29,2025-09-29 10:35:12,10,635,2025-09-28 22:35:12,22,US,美国,United States,美国,America/New_York,mercado,ST001,YHR C,自营,Maria Roberts,146.79,USD,paid,paid,Y
DEMO2025092900141,141,2025-09-29,2025-09-29 10:37:01,10,637,2025-09-29 10:37:01,10,MY,马来西亚,Malaysia,马来西亚,Asia/Kuala_Lumpur,mercado,ST002,Camplab Outdoor Peak,自营,Nina Adams,224.78,USD,paid,paid,Y
DEMO2025092900142,142,2025-09-29,2025-09-29 10:41:10,10,641,2025-09-29 09:41:10,9,VN,越南,Vietnam,越南,Asia/Ho_Chi_Minh,temu,ST005,Xing Fan Go,自营,Leo Garcia,163.29,USD,paid,paid,Y
DEMO2025092900143,143,2025-09-29,2025-09-29 10:42:16,10,642,2025-09-28 22:42:16,22,US,美国,United States,美国,America/New_York,temu,ST004,Outdoor equipment shop,自营,Nora Tan,244.06,USD,paid,paid,Y
DEMO2025092900144,144,2025-09-29,2025-09-29 10:45:57,10,645,2025-09-28 22:45:57,22,US,美国,United States,美国,America/New_York,temu,ST004,Outdoor equipment shop,自营,Jack Lopez,212.81,USD,paid,paid,Y
DEMO2025092900145,145,2025-09-29,2025-09-29 10:51:45,10,651,2025-09-28 22:51:45,22,US,美国,United States,美国,America/New_York,AliExpress,ST006,Xing Fan Go,自营,Jack Taylor,475.77,USD,paid,paid,Y
DEMO2025092900146,146,2025-09-29,2025-09-29 11:00:05,11,660,2025-09-29 06:00:05,6,RU,俄罗斯,Russia,俄罗斯,Europe/Moscow,ozon,ST001,YHR C,自营,Ava Thomas,153.37,USD,paid,paid,Y
DEMO2025092900147,147,2025-09-29,2025-09-29 11:05:23,11,665,2025-09-29 11:05:23,11,MY,马来西亚,Malaysia,马来西亚,Asia/Kuala_Lumpur,tiktok,ST005,Xing Fan Go,自营,Oscar Petrov,250.97,USD,paid,paid,Y
DEMO2025092900148,148,2025-09-29,2025-09-29 11:24:59,11,684,2025-09-28 23:24:59,23,US,美国,United States,美国,America/New_York,temu,ST003,Coco Sports and Outdoors,自营,Ethan Tan,205.45,USD,paid,paid,Y
DEMO2025092900149,149,2025-09-29,2025-09-29 11:25:49,11,685,2025-09-29 11:25:49,11,PH,菲律宾,Philippines,菲律宾,Asia/Manila,mercado,ST003,Coco Sports and Outdoors,自营,Louis Walker,141.45,USD,paid,paid,Y
DEMO2025092900150,150,2025-09-29,2025-09-29 11:29:15,11,689,2025-09-29 06:29:15,6,RU,俄罗斯,Russia,俄罗斯,Europe/Moscow,AliExpress,ST002,Camplab Outdoor Peak,自营,Maria Chen,173.87,USD,paid,paid,Y
DEMO2025092900151,151,2025-09-29,2025-09-29 11:59:10,11,719,2025-09-28 23:59:10,23,US,美国,United States,美国,America/New_York,temu,ST005,Xing Fan Go,自营,Noah Young,250.08,USD,paid,paid,Y
DEMO2025092900152,152,2025-09-29,2025-09-29 12:00:28,12,720,2025-09-29 11:00:28,11,VN,越南,Vietnam,越南,Asia/Ho_Chi_Minh,AliExpress,ST005,Xing Fan Go,自营,Jack Petrov,187.24,USD,paid,paid,Y
DEMO2025092900153,153,2025-09-29,2025-09-29 12:03:58,12,723,2025-09-29 12:03:58,12,MY,马来西亚,Malaysia,马来西亚,Asia/Kuala_Lumpur,temu,ST003,Coco Sports and Outdoors,自营,Mark Chen,156.98,USD,paid,paid,Y
DEMO2025092900154,154,2025-09-29,2025-09-29 12:08:03,12,728,2025-09-29 12:08:03,12,MY,马来西亚,Malaysia,马来西亚,Asia/Kuala_Lumpur,tiktok,ST003,Coco Sports and Outdoors,自营,Efrain Taylor,241.77,USD,paid,paid,Y
DEMO2025092900155,155,2025-09-29,2025-09-29 12:14:54,12,734,2025-09-29 12:14:54,12,PH,菲律宾,Philippines,菲律宾,Asia/Manila,tiktok,ST007,YIHRA,自营,Mason Garcia,409.65,USD,paid,paid,Y
DEMO2025092900156,156,2025-09-29,2025-09-29 12:23:26,12,743,2025-09-29 12:23:26,12,PH,菲律宾,Philippines,菲律宾,Asia/Manila,temu,ST002,Camplab Outdoor Peak,自营,Anh Baker,366.78,USD,paid,paid,Y
DEMO2025092900157,157,2025-09-29,2025-09-29 12:33:07,12,753,2025-09-29 11:33:07,11,VN,越南,Vietnam,越南,Asia/Ho_Chi_Minh,tiktok,ST003,Coco Sports and Outdoors,自营,Minh Adams,456.8,USD,paid,paid,Y
DEMO2025092900158,158,2025-09-29,2025-09-29 12:39:43,12,759,2025-09-29 12:39:43,12,PH,菲律宾,Philippines,菲律宾,Asia/Manila,temu,ST003,Coco Sports and Outdoors,自营,Ava Pham,163.54,USD,paid,paid,Y
DEMO2025092900159,159,2025-09-29,2025-09-29 12:43:43,12,763,2025-09-29 12:43:43,12,PH,菲律宾,Philippines,菲律宾,Asia/Manila,temu,ST003,Coco Sports and Outdoors,自营,Oscar Nguyen,253.74,USD,paid,paid,Y
DEMO2025092900160,160,2025-09-29,2025-09-29 12:48:06,12,768,2025-09-29 11:48:06,11,TH,泰国,Thailand,泰国,Asia/Bangkok,AliExpress,ST003,Coco Sports and Outdoors,自营,Amelia Pham,164.4,USD,paid,paid,Y
DEMO2025092900161,161,2025-09-29,2025-09-29 12:59:36,12,779,2025-09-29 06:59:36,6,FR,法国,France,法国,Europe/Paris,temu,ST002,Camplab Outdoor Peak,自营,Emma Baker,427.17,USD,paid,paid,Y
DEMO2025092900162,162,2025-09-29,2025-09-29 13:00:53,13,780,2025-09-29 13:00:53,13,MY,马来西亚,Malaysia,马来西亚,Asia/Kuala_Lumpur,temu,ST005,Xing Fan Go,自营,Nguyen Baker,327.66,USD,paid,paid,Y
DEMO2025092900163,163,2025-09-29,2025-09-29 13:10:08,13,790,2025-09-29 13:10:08,13,PH,菲律宾,Philippines,菲律宾,Asia/Manila,tiktok,ST002,Camplab Outdoor Peak,自营,Dmitry Anderson,208.88,USD,paid,paid,Y
DEMO2025092900164,164,2025-09-29,2025-09-29 13:21:19,13,801,2025-09-29 12:21:19,12,TH,泰国,Thailand,泰国,Asia/Bangkok,ozon,ST004,Outdoor equipment shop,自营,Juan Green,219.18,USD,paid,paid,Y
DEMO2025092900165,165,2025-09-29,2025-09-29 13:24:18,13,804,2025-09-29 08:24:18,8,RU,俄罗斯,Russia,俄罗斯,Europe/Moscow,ozon,ST006,Xing Fan Go,自营,James Ivanov,131.58,USD,paid,paid,Y
DEMO2025092900166,166,2025-09-29,2025-09-29 13:25:41,13,805,2025-09-29 12:25:41,12,VN,越南,Vietnam,越南,Asia/Ho_Chi_Minh,tiktok,ST003,Coco Sports and Outdoors,自营,Juan Wright,218.32,USD,paid,paid,Y
DEMO2025092900167,167,2025-09-29,2025-09-29 13:28:11,13,808,2025-09-29 08:28:11,8,RU,俄罗斯,Russia,俄罗斯,Europe/Moscow,ozon,ST003,Coco Sports and Outdoors,自营,Louis Lim,162.93,USD,paid,paid,Y
DEMO2025092900168,168,2025-09-29,2025-09-29 13:30:05,13,810,2025-09-29 08:30:05,8,RU,俄罗斯,Russia,俄罗斯,Europe/Moscow,tiktok,ST005,Xing Fan Go,自营,Grace Roberts,159.9,USD,paid,paid,Y
DEMO2025092900169,169,2025-09-29,2025-09-29 13:35:31,13,815,2025-09-29 12:35:31,12,TH,泰国,Thailand,泰国,Asia/Bangkok,temu,ST003,Coco Sports and Outdoors,自营,Emma Johnson,326.92,USD,paid,paid,Y
DEMO2025092900170,170,2025-09-29,2025-09-29 13:39:15,13,819,2025-09-29 01:39:15,1,US,美国,United States,美国,America/New_York,tiktok,ST003,Coco Sports and Outdoors,自营,Ivan Adams,156.48,USD,paid,paid,Y
DEMO2025092900171,171,2025-09-29,2025-09-29 13:46:52,13,826,2025-09-29 06:46:52,6,GB,英国,United Kingdom,英国,Europe/London,mercado,ST003,Coco Sports and Outdoors,自营,Liam Ivanov,146.0,USD,paid,paid,Y
DEMO2025092900172,172,2025-09-29,2025-09-29 13:49:53,13,829,2025-09-29 12:49:53,12,TH,泰国,Thailand,泰国,Asia/Bangkok,temu,ST005,Xing Fan Go,自营,Nina Walker,146.45,USD,paid,paid,Y
DEMO2025092900173,173,2025-09-29,2025-09-29 13:59:19,13,839,2025-09-29 08:59:19,8,RU,俄罗斯,Russia,俄罗斯,Europe/Moscow,ozon,ST002,Camplab Outdoor Peak,自营,James Chen,200.29,USD,paid,paid,Y
DEMO2025092900174,174,2025-09-29,2025-09-29 14:13:23,14,853,2025-09-29 13:13:23,13,VN,越南,Vietnam,越南,Asia/Ho_Chi_Minh,temu,ST002,Camplab Outdoor Peak,自营,Nina Roberts,256.0,USD,paid,paid,Y
DEMO2025092900175,175,2025-09-29,2025-09-29 14:17:41,14,857,2025-09-29 13:17:41,13,VN,越南,Vietnam,越南,Asia/Ho_Chi_Minh,temu,ST005,Xing Fan Go,自营,Leo Lim,351.12,USD,paid,paid,Y
DEMO2025092900176,176,2025-09-29,2025-09-29 14:26:23,14,866,2025-09-29 07:26:23,7,GB,英国,United Kingdom,英国,Europe/London,tiktok,ST003,Coco Sports and Outdoors,自营,Minh Lim,203.47,USD,paid,paid,Y
DEMO2025092900177,177,2025-09-29,2025-09-29 14:31:24,14,871,2025-09-29 14:31:24,14,PH,菲律宾,Philippines,菲律宾,Asia/Manila,tiktok,ST005,Xing Fan Go,自营,Nora Santos,211.96,USD,paid,paid,Y
DEMO2025092900178,178,2025-09-29,2025-09-29 14:32:38,14,872,2025-09-29 08:32:38,8,FR,法国,France,法国,Europe/Paris,tiktok,ST005,Xing Fan Go,自营,Minh Petrov,163.87,USD,paid,paid,Y
DEMO2025092900179,179,2025-09-29,2025-09-29 14:33:11,14,873,2025-09-29 08:33:11,8,FR,法国,France,法国,Europe/Paris,AliExpress,ST005,Xing Fan Go,自营,Mark Clark,176.41,USD,paid,paid,Y
DEMO2025092900180,180,2025-09-29,2025-09-29 14:37:09,14,877,2025-09-29 09:37:09,9,RU,俄罗斯,Russia,俄罗斯,Europe/Moscow,ozon,ST006,Xing Fan Go,自营,Emma Smith,250.92,USD,paid,paid,Y
DEMO2025092900181,181,2025-09-29,2025-09-29 14:38:11,14,878,2025-09-29 13:38:11,13,VN,越南,Vietnam,越南,Asia/Ho_Chi_Minh,AliExpress,ST005,Xing Fan Go,自营,Nina Lim,169.59,USD,paid,paid,Y
DEMO2025092900182,182,2025-09-29,2025-09-29 14:42:09,14,882,2025-09-29 13:42:09,13,VN,越南,Vietnam,越南,Asia/Ho_Chi_Minh,tiktok,ST001,YHR C,自营,Noah Clark,148.01,USD,paid,paid,Y
DEMO2025092900183,183,2025-09-29,2025-09-29 14:43:13,14,883,2025-09-29 02:43:13,2,US,美国,United States,美国,America/New_York,mercado,ST001,YHR C,自营,Liam Brown,213.22,USD,paid,paid,Y
DEMO2025092900184,184,2025-09-29,2025-09-29 15:00:36,15,900,2025-09-29 09:00:36,9,FR,法国,France,法国,Europe/Paris,temu,ST002,Camplab Outdoor Peak,自营,Arun Moore,172.94,USD,paid,paid,Y
DEMO2025092900185,185,2025-09-29,2025-09-29 15:14:17,15,914,2025-09-29 15:14:17,15,MY,马来西亚,Malaysia,马来西亚,Asia/Kuala_Lumpur,tiktok,ST006,Xing Fan Go,自营,Logan Santos,166.42,USD,paid,paid,Y
DEMO2025092900186,186,2025-09-29,2025-09-29 15:26:58,15,926,2025-09-29 14:26:58,14,VN,越南,Vietnam,越南,Asia/Ho_Chi_Minh,tiktok,ST005,Xing Fan Go,自营,Ryan Taylor,399.24,USD,paid,paid,Y
DEMO2025092900187,187,2025-09-29,2025-09-29 15:31:12,15,931,2025-09-29 14:31:12,14,TH,泰国,Thailand,泰国,Asia/Bangkok,temu,ST002,Camplab Outdoor Peak,自营,Ella Evans,256.0,USD,paid,paid,Y
DEMO2025092900188,188,2025-09-29,2025-09-29 15:32:20,15,932,2025-09-29 15:32:20,15,PH,菲律宾,Philippines,菲律宾,Asia/Manila,temu,ST001,YHR C,自营,Logan Cook,171.03,USD,paid,paid,Y
DEMO2025092900189,189,2025-09-29,2025-09-29 15:37:41,15,937,2025-09-29 15:37:41,15,PH,菲律宾,Philippines,菲律宾,Asia/Manila,tiktok,ST002,Camplab Outdoor Peak,自营,Ava Ivanov,256.0,USD,paid,paid,Y
DEMO2025092900190,190,2025-09-29,2025-09-29 15:37:56,15,937,2025-09-29 14:37:56,14,VN,越南,Vietnam,越南,Asia/Ho_Chi_Minh,tiktok,ST003,Coco Sports and Outdoors,自营,Juan Carter,422.82,USD,paid,paid,Y
DEMO2025092900191,191,2025-09-29,2025-09-29 15:41:28,15,941,2025-09-29 15:41:28,15,MY,马来西亚,Malaysia,马来西亚,Asia/Kuala_Lumpur,tiktok,ST005,Xing Fan Go,自营,Ava Green,183.5,USD,paid,paid,Y
DEMO2025092900192,192,2025-09-29,2025-09-29 15:42:11,15,942,2025-09-29 09:42:11,9,FR,法国,France,法国,Europe/Paris,AliExpress,ST005,Xing Fan Go,自营,Noah Baker,244.82,USD,paid,paid,Y
DEMO2025092900193,193,2025-09-29,2025-09-29 15:44:55,15,944,2025-09-29 15:44:55,15,MY,马来西亚,Malaysia,马来西亚,Asia/Kuala_Lumpur,mercado,ST007,YIHRA,自营,Chris Adams,131.18,USD,paid,paid,Y
DEMO2025092900194,194,2025-09-29,2025-09-29 15:46:30,15,946,2025-09-29 14:46:30,14,VN,越南,Vietnam,越南,Asia/Ho_Chi_Minh,tiktok,ST006,Xing Fan Go,自营,Arun Martin,240.68,USD,paid,paid,Y
DEMO2025092900195,195,2025-09-29,2025-09-29 15:53:56,15,953,2025-09-29 09:53:56,9,FR,法国,France,法国,Europe/Paris,ozon,ST007,YIHRA,自营,Emma Ivanov,171.34,USD,paid,paid,Y
DEMO2025092900196,196,2025-09-29,2025-09-29 15:54:43,15,954,2025-09-29 14:54:43,14,VN,越南,Vietnam,越南,Asia/Ho_Chi_Minh,AliExpress,ST005,Xing Fan Go,自营,Alex Carter,325.16,USD,paid,paid,Y
DEMO2025092900197,197,2025-09-29,2025-09-29 15:59:37,15,959,2025-09-29 14:59:37,14,VN,越南,Vietnam,越南,Asia/Ho_Chi_Minh,mercado,ST002,Camplab Outdoor Peak,自营,Oscar Young,253.2,USD,paid,paid,Y
DEMO2025092900198,198,2025-09-29,2025-09-29 16:00:13,16,960,2025-09-29 11:00:13,11,RU,俄罗斯,Russia,俄罗斯,Europe/Moscow,ozon,ST001,YHR C,自营,Juan Moore,128.33,USD,paid,paid,Y
DEMO2025092900199,199,2025-09-29,2025-09-29 16:08:06,16,968,2025-09-29 10:08:06,10,FR,法国,France,法国,Europe/Paris,tiktok,ST007,YIHRA,自营,Anh Johnson,190.41,USD,paid,paid,Y
DEMO2025092900200,200,2025-09-29,2025-09-29 16:08:19,16,968,2025-09-29 16:08:19,16,MY,马来西亚,Malaysia,马来西亚,Asia/Kuala_Lumpur,tiktok,ST007,YIHRA,自营,Emma Jones,163.67,USD,paid,paid,Y
DEMO2025092900201,201,2025-09-29,2025-09-29 16:18:11,16,978,2025-09-29 10:18:11,10,FR,法国,France,法国,Europe/Paris,tiktok,ST002,Camplab Outdoor Peak,自营,Efrain Tran,174.21,USD,paid,paid,Y
DEMO2025092900202,202,2025-09-29,2025-09-29 16:23:20,16,983,2025-09-29 09:23:20,9,GB,英国,United Kingdom,英国,Europe/London,tiktok,ST007,YIHRA,自营,Alex Garcia,142.89,USD,paid,paid,Y
DEMO2025092900203,203,2025-09-29,2025-09-29 16:24:31,16,984,2025-09-29 16:24:31,16,MY,马来西亚,Malaysia,马来西亚,Asia/Kuala_Lumpur,tiktok,ST003,Coco Sports and Outdoors,自营,Nina Garcia,132.39,USD,paid,paid,Y
DEMO2025092900204,204,2025-09-29,2025-09-29 16:30:49,16,990,2025-09-29 04:30:49,4,US,美国,United States,美国,America/New_York,mercado,ST001,YHR C,自营,Maria Adams,242.5,USD,paid,paid,Y
DEMO2025092900205,205,2025-09-29,2025-09-29 16:30:56,16,990,2025-09-29 10:30:56,10,FR,法国,France,法国,Europe/Paris,tiktok,ST004,Outdoor equipment shop,自营,Minh Diaz,232.35,USD,paid,paid,Y
DEMO2025092900206,206,2025-09-29,2025-09-29 16:39:36,16,999,2025-09-29 15:39:36,15,VN,越南,Vietnam,越南,Asia/Ho_Chi_Minh,AliExpress,ST007,YIHRA,自营,Ella Tan,153.7,USD,paid,paid,Y
DEMO2025092900207,207,2025-09-29,2025-09-29 16:52:36,16,1012,2025-09-29 09:52:36,9,GB,英国,United Kingdom,英国,Europe/London,AliExpress,ST002,Camplab Outdoor Peak,自营,Theo Walker,226.85,USD,paid,paid,Y
DEMO2025092900208,208,2025-09-29,2025-09-29 16:59:23,16,1019,2025-09-29 10:59:23,10,FR,法国,France,法国,Europe/Paris,AliExpress,ST006,Xing Fan Go,自营,Minh Lim,274.3,USD,paid,paid,Y
DEMO2025092900209,209,2025-09-29,2025-09-29 17:16:19,17,1036,2025-09-29 11:16:19,11,FR,法国,France,法国,Europe/Paris,temu,ST005,Xing Fan Go,自营,Efrain Anderson,212.89,USD,paid,paid,Y
DEMO2025092900210,210,2025-09-29,2025-09-29 17:21:01,17,1041,2025-09-29 17:21:01,17,MY,马来西亚,Malaysia,马来西亚,Asia/Kuala_Lumpur,tiktok,ST006,Xing Fan Go,自营,Hugo Moore,138.87,USD,paid,paid,Y
DEMO2025092900211,211,2025-09-29,2025-09-29 17:21:26,17,1041,2025-09-29 11:21:26,11,FR,法国,France,法国,Europe/Paris,AliExpress,ST003,Coco Sports and Outdoors,自营,Ivan Wilson,468.86,USD,paid,paid,Y
DEMO2025092900212,212,2025-09-29,2025-09-29 17:21:32,17,1041,2025-09-29 11:21:32,11,FR,法国,France,法国,Europe/Paris,AliExpress,ST004,Outdoor equipment shop,自营,Nguyen Clark,147.4,USD,paid,paid,Y
DEMO2025092900213,213,2025-09-29,2025-09-29 17:24:46,17,1044,2025-09-29 05:24:46,5,US,美国,United States,美国,America/New_York,tiktok,ST002,Camplab Outdoor Peak,自营,Dmitry Baker,306.37,USD,paid,paid,Y
DEMO2025092900214,214,2025-09-29,2025-09-29 17:25:44,17,1045,2025-09-29 12:25:44,12,RU,俄罗斯,Russia,俄罗斯,Europe/Moscow,tiktok,ST002,Camplab Outdoor Peak,自营,Mason Nguyen,227.36,USD,paid,paid,Y
DEMO2025092900215,215,2025-09-29,2025-09-29 17:28:46,17,1048,2025-09-29 11:28:46,11,FR,法国,France,法国,Europe/Paris,ozon,ST007,YIHRA,自营,Dmitry Thomas,140.39,USD,paid,paid,Y
DEMO2025092900216,216,2025-09-29,2025-09-29 17:29:01,17,1049,2025-09-29 17:29:01,17,MY,马来西亚,Malaysia,马来西亚,Asia/Kuala_Lumpur,tiktok,ST003,Coco Sports and Outdoors,自营,Efrain Evans,201.2,USD,paid,paid,Y
DEMO2025092900217,217,2025-09-29,2025-09-29 17:31:04,17,1051,2025-09-29 12:31:04,12,RU,俄罗斯,Russia,俄罗斯,Europe/Moscow,ozon,ST003,Coco Sports and Outdoors,自营,Minh Petrov,163.56,USD,paid,paid,Y
DEMO2025092900218,218,2025-09-29,2025-09-29 17:34:51,17,1054,2025-09-29 11:34:51,11,FR,法国,France,法国,Europe/Paris,tiktok,ST004,Outdoor equipment shop,自营,Liam Diaz,351.88,USD,paid,paid,Y
DEMO2025092900219,219,2025-09-29,2025-09-29 17:45:19,17,1065,2025-09-29 12:45:19,12,RU,俄罗斯,Russia,俄罗斯,Europe/Moscow,AliExpress,ST003,Coco Sports and Outdoors,自营,Nora Evans,203.58,USD,paid,paid,Y
DEMO2025092900220,220,2025-09-29,2025-09-29 17:46:33,17,1066,2025-09-29 11:46:33,11,FR,法国,France,法国,Europe/Paris,tiktok,ST004,Outdoor equipment shop,自营,Mason Pham,229.04,USD,paid,paid,Y
DEMO2025092900221,221,2025-09-29,2025-09-29 17:48:18,17,1068,2025-09-29 17:48:18,17,MY,马来西亚,Malaysia,马来西亚,Asia/Kuala_Lumpur,tiktok,ST007,YIHRA,自营,Juan Wright,132.72,USD,paid,paid,Y
DEMO2025092900222,222,2025-09-29,2025-09-29 17:57:22,17,1077,2025-09-29 17:57:22,17,PH,菲律宾,Philippines,菲律宾,Asia/Manila,tiktok,ST006,Xing Fan Go,自营,Mason Garcia,248.8,USD,paid,paid,Y
DEMO2025092900223,223,2025-09-29,2025-09-29 18:08:20,18,1088,2025-09-29 11:08:20,11,GB,英国,United Kingdom,英国,Europe/London,temu,ST007,YIHRA,自营,James Adams,348.62,USD,paid,paid,Y
DEMO2025092900224,224,2025-09-29,2025-09-29 18:09:54,18,1089,2025-09-29 13:09:54,13,RU,俄罗斯,Russia,俄罗斯,Europe/Moscow,ozon,ST001,YHR C,自营,Louis Green,462.11,USD,paid,paid,Y
DEMO2025092900225,225,2025-09-29,2025-09-29 18:13:08,18,1093,2025-09-29 18:13:08,18,MY,马来西亚,Malaysia,马来西亚,Asia/Kuala_Lumpur,AliExpress,ST002,Camplab Outdoor Peak,自营,Olivia Nguyen,231.96,USD,paid,paid,Y
DEMO2025092900226,226,2025-09-29,2025-09-29 18:14:18,18,1094,2025-09-29 06:14:18,6,US,美国,United States,美国,America/New_York,temu,ST002,Camplab Outdoor Peak,自营,Arthur Evans,226.29,USD,paid,paid,Y
DEMO2025092900227,227,2025-09-29,2025-09-29 18:15:18,18,1095,2025-09-29 11:15:18,11,GB,英国,United Kingdom,英国,Europe/London,mercado,ST001,YHR C,自营,Sergio Johnson,143.5,USD,paid,paid,Y
DEMO2025092900228,228,2025-09-29,2025-09-29 18:17:54,18,1097,2025-09-29 12:17:54,12,FR,法国,France,法国,Europe/Paris,AliExpress,ST007,YIHRA,自营,Arthur Carter,179.79,USD,paid,paid,Y
DEMO2025092900229,229,2025-09-29,2025-09-29 18:19:32,18,1099,2025-09-29 17:19:32,17,TH,泰国,Thailand,泰国,Asia/Bangkok,AliExpress,ST001,YHR C,自营,Kai Lopez,172.76,USD,paid,paid,Y
DEMO2025092900230,230,2025-09-29,2025-09-29 18:22:49,18,1102,2025-09-29 12:22:49,12,FR,法国,France,法国,Europe/Paris,temu,ST003,Coco Sports and Outdoors,自营,Dmitry Carter,409.16,USD,paid,paid,Y
DEMO2025092900231,231,2025-09-29,2025-09-29 18:25:57,18,1105,2025-09-29 13:25:57,13,RU,俄罗斯,Russia,俄罗斯,Europe/Moscow,ozon,ST007,YIHRA,自营,Johnny Anderson,307.57,USD,paid,paid,Y
DEMO2025092900232,232,2025-09-29,2025-09-29 18:27:02,18,1107,2025-09-29 18:27:02,18,PH,菲律宾,Philippines,菲律宾,Asia/Manila,tiktok,ST004,Outdoor equipment shop,自营,Logan Cook,326.3,USD,paid,paid,Y
DEMO2025092900233,233,2025-09-29,2025-09-29 18:29:11,18,1109,2025-09-29 11:29:11,11,GB,英国,United Kingdom,英国,Europe/London,AliExpress,ST002,Camplab Outdoor Peak,自营,Liam Tran,145.57,USD,paid,paid,Y
DEMO2025092900234,234,2025-09-29,2025-09-29 18:30:08,18,1110,2025-09-29 06:30:08,6,US,美国,United States,美国,America/New_York,AliExpress,ST006,Xing Fan Go,自营,Mia Lopez,227.16,USD,paid,paid,Y
DEMO2025092900235,235,2025-09-29,2025-09-29 18:32:23,18,1112,2025-09-29 18:32:23,18,PH,菲律宾,Philippines,菲律宾,Asia/Manila,tiktok,ST004,Outdoor equipment shop,自营,Nora Lee,140.18,USD,paid,paid,Y
DEMO2025092900236,236,2025-09-29,2025-09-29 18:39:04,18,1119,2025-09-29 13:39:04,13,RU,俄罗斯,Russia,俄罗斯,Europe/Moscow,ozon,ST005,Xing Fan Go,自营,Ryan Clark,138.19,USD,paid,paid,Y
DEMO2025092900237,237,2025-09-29,2025-09-29 18:42:35,18,1122,2025-09-29 12:42:35,12,FR,法国,France,法国,Europe/Paris,temu,ST001,YHR C,自营,Daniel Hill,397.63,USD,paid,paid,Y
DEMO2025092900238,238,2025-09-29,2025-09-29 18:47:51,18,1127,2025-09-29 17:47:51,17,TH,泰国,Thailand,泰国,Asia/Bangkok,mercado,ST003,Coco Sports and Outdoors,自营,Mason Young,138.81,USD,paid,paid,Y
DEMO2025092900239,239,2025-09-29,2025-09-29 18:53:09,18,1133,2025-09-29 12:53:09,12,FR,法国,France,法国,Europe/Paris,mercado,ST005,Xing Fan Go,自营,Ethan Brown,178.52,USD,paid,paid,Y
DEMO2025092900240,240,2025-09-29,2025-09-29 19:01:20,19,1141,2025-09-29 12:01:20,12,GB,英国,United Kingdom,英国,Europe/London,temu,ST001,YHR C,自营,Noah Tran,195.24,USD,paid,paid,Y
DEMO2025092900241,241,2025-09-29,2025-09-29 19:03:09,19,1143,2025-09-29 18:03:09,18,TH,泰国,Thailand,泰国,Asia/Bangkok,AliExpress,ST005,Xing Fan Go,自营,Ivan Young,231.81,USD,paid,paid,Y
DEMO2025092900242,242,2025-09-29,2025-09-29 19:05:13,19,1145,2025-09-29 19:05:13,19,PH,菲律宾,Philippines,菲律宾,Asia/Manila,tiktok,ST006,Xing Fan Go,自营,Leo Cook,623.49,USD,paid,paid,Y
DEMO2025092900243,243,2025-09-29,2025-09-29 19:06:36,19,1146,2025-09-29 19:06:36,19,MY,马来西亚,Malaysia,马来西亚,Asia/Kuala_Lumpur,tiktok,ST007,YIHRA,自营,Sophia Garcia,189.31,USD,paid,paid,Y
DEMO2025092900244,244,2025-09-29,2025-09-29 19:08:33,19,1148,2025-09-29 07:08:33,7,US,美国,United States,美国,America/New_York,mercado,ST001,YHR C,自营,Emma Moore,141.9,USD,paid,paid,Y
DEMO2025092900245,245,2025-09-29,2025-09-29 19:13:25,19,1153,2025-09-29 12:13:25,12,GB,英国,United Kingdom,英国,Europe/London,mercado,ST001,YHR C,自营,Maria King,169.54,USD,paid,paid,Y
DEMO2025092900246,246,2025-09-29,2025-09-29 19:14:58,19,1154,2025-09-29 07:14:58,7,US,美国,United States,美国,America/New_York,mercado,ST005,Xing Fan Go,自营,Lucas Wilson,142.5,USD,paid,paid,Y
DEMO2025092900247,247,2025-09-29,2025-09-29 19:19:31,19,1159,2025-09-29 18:19:31,18,TH,泰国,Thailand,泰国,Asia/Bangkok,AliExpress,ST002,Camplab Outdoor Peak,自营,Jack Chen,144.38,USD,paid,paid,Y
DEMO2025092900248,248,2025-09-29,2025-09-29 19:21:24,19,1161,2025-09-29 18:21:24,18,TH,泰国,Thailand,泰国,Asia/Bangkok,AliExpress,ST003,Coco Sports and Outdoors,自营,Louis Roberts,152.36,USD,paid,paid,Y
DEMO2025092900249,249,2025-09-29,2025-09-29 19:22:25,19,1162,2025-09-29 19:22:25,19,PH,菲律宾,Philippines,菲律宾,Asia/Manila,tiktok,ST001,YHR C,自营,James Chen,210.45,USD,paid,paid,Y
DEMO2025092900250,250,2025-09-29,2025-09-29 19:22:52,19,1162,2025-09-29 19:22:52,19,PH,菲律宾,Philippines,菲律宾,Asia/Manila,tiktok,ST003,Coco Sports and Outdoors,自营,Emma Roberts,377.2,USD,paid,paid,Y
DEMO2025092900251,251,2025-09-29,2025-09-29 19:24:44,19,1164,2025-09-29 19:24:44,19,MY,马来西亚,Malaysia,马来西亚,Asia/Kuala_Lumpur,AliExpress,ST001,YHR C,自营,Nina Cook,229.46,USD,paid,paid,Y
DEMO2025092900252,252,2025-09-29,2025-09-29 19:26:02,19,1166,2025-09-29 07:26:02,7,US,美国,United States,美国,America/New_York,temu,ST002,Camplab Outdoor Peak,自营,Olivia Smith,333.6,USD,paid,paid,Y
DEMO2025092900253,253,2025-09-29,2025-09-29 19:27:47,19,1167,2025-09-29 12:27:47,12,GB,英国,United Kingdom,英国,Europe/London,AliExpress,ST005,Xing Fan Go,自营,Emma Anderson,141.81,USD,paid,paid,Y
DEMO2025092900254,254,2025-09-29,2025-09-29 19:31:59,19,1171,2025-09-29 18:31:59,18,VN,越南,Vietnam,越南,Asia/Ho_Chi_Minh,tiktok,ST005,Xing Fan Go,自营,Alex Thomas,145.87,USD,paid,paid,Y
DEMO2025092900255,255,2025-09-29,2025-09-29 19:33:58,19,1173,2025-09-29 18:33:58,18,TH,泰国,Thailand,泰国,Asia/Bangkok,AliExpress,ST002,Camplab Outdoor Peak,自营,Ella Miller,174.4,USD,paid,paid,Y
DEMO2025092900256,256,2025-09-29,2025-09-29 19:34:23,19,1174,2025-09-29 07:34:23,7,US,美国,United States,美国,America/New_York,mercado,ST002,Camplab Outdoor Peak,自营,Ethan Nguyen,142.28,USD,paid,paid,Y
DEMO2025092900257,257,2025-09-29,2025-09-29 19:34:39,19,1174,2025-09-29 12:34:39,12,GB,英国,United Kingdom,英国,Europe/London,ozon,ST005,Xing Fan Go,自营,Lucas Moore,213.13,USD,paid,paid,Y
DEMO2025092900258,258,2025-09-29,2025-09-29 19:35:10,19,1175,2025-09-29 07:35:10,7,US,美国,United States,美国,America/New_York,tiktok,ST006,Xing Fan Go,自营,James Tan,223.39,USD,paid,paid,Y
DEMO2025092900259,259,2025-09-29,2025-09-29 19:39:53,19,1179,2025-09-29 19:39:53,19,MY,马来西亚,Malaysia,马来西亚,Asia/Kuala_Lumpur,AliExpress,ST006,Xing Fan Go,自营,Anh Ivanov,164.43,USD,paid,paid,Y
DEMO2025092900260,260,2025-09-29,2025-09-29 19:40:15,19,1180,2025-09-29 12:40:15,12,GB,英国,United Kingdom,英国,Europe/London,AliExpress,ST007,YIHRA,自营,Jack Hill,147.52,USD,paid,paid,Y
DEMO2025092900261,261,2025-09-29,2025-09-29 19:41:22,19,1181,2025-09-29 19:41:22,19,PH,菲律宾,Philippines,菲律宾,Asia/Manila,AliExpress,ST004,Outdoor equipment shop,自营,Liam Ivanov,228.38,USD,paid,paid,Y
DEMO2025092900262,262,2025-09-29,2025-09-29 19:42:29,19,1182,2025-09-29 19:42:29,19,PH,菲律宾,Philippines,菲律宾,Asia/Manila,tiktok,ST004,Outdoor equipment shop,自营,Chris Baker,150.83,USD,paid,paid,Y
DEMO2025092900263,263,2025-09-29,2025-09-29 19:43:28,19,1183,2025-09-29 18:43:28,18,TH,泰国,Thailand,泰国,Asia/Bangkok,AliExpress,ST002,Camplab Outdoor Peak,自营,Louis Evans,140.36,USD,paid,paid,Y
DEMO2025092900264,264,2025-09-29,2025-09-29 19:44:05,19,1184,2025-09-29 18:44:05,18,TH,泰国,Thailand,泰国,Asia/Bangkok,tiktok,ST007,YIHRA,自营,Mia Anderson,143.45,USD,paid,paid,Y
DEMO2025092900265,265,2025-09-29,2025-09-29 19:48:32,19,1188,2025-09-29 18:48:32,18,TH,泰国,Thailand,泰国,Asia/Bangkok,tiktok,ST003,Coco Sports and Outdoors,自营,Louis Lee,212.54,USD,paid,paid,Y
DEMO2025092900266,266,2025-09-29,2025-09-29 19:52:41,19,1192,2025-09-29 13:52:41,13,FR,法国,France,法国,Europe/Paris,AliExpress,ST002,Camplab Outdoor Peak,自营,Sergio Smith,221.87,USD,paid,paid,Y
DEMO2025092900267,267,2025-09-29,2025-09-29 19:59:52,19,1199,2025-09-29 13:59:52,13,FR,法国,France,法国,Europe/Paris,mercado,ST003,Coco Sports and Outdoors,自营,Mark Santos,307.96,USD,paid,paid,Y
DEMO2025092900268,268,2025-09-29,2025-09-29 20:00:17,20,1200,2025-09-29 15:00:17,15,RU,俄罗斯,Russia,俄罗斯,Europe/Moscow,ozon,ST004,Outdoor equipment shop,自营,Lucas Smith,253.3,USD,paid,paid,Y
DEMO2025092900269,269,2025-09-29,2025-09-29 20:07:04,20,1207,2025-09-29 19:07:04,19,TH,泰国,Thailand,泰国,Asia/Bangkok,tiktok,ST003,Coco Sports and Outdoors,自营,Hugo Jones,256.0,USD,paid,paid,Y
DEMO2025092900270,270,2025-09-29,2025-09-29 20:09:15,20,1209,2025-09-29 08:09:15,8,US,美国,United States,美国,America/New_York,tiktok,ST006,Xing Fan Go,自营,Ava Brown,136.59,USD,paid,paid,Y
DEMO2025092900271,271,2025-09-29,2025-09-29 20:13:20,20,1213,2025-09-29 15:13:20,15,RU,俄罗斯,Russia,俄罗斯,Europe/Moscow,ozon,ST004,Outdoor equipment shop,自营,Chris Thomas,172.17,USD,paid,paid,Y
DEMO2025092900272,272,2025-09-29,2025-09-29 20:22:33,20,1222,2025-09-29 20:22:33,20,MY,马来西亚,Malaysia,马来西亚,Asia/Kuala_Lumpur,tiktok,ST003,Coco Sports and Outdoors,自营,Ivan Clark,208.93,USD,paid,paid,Y
DEMO2025092900273,273,2025-09-29,2025-09-29 20:23:47,20,1223,2025-09-29 20:23:47,20,MY,马来西亚,Malaysia,马来西亚,Asia/Kuala_Lumpur,tiktok,ST003,Coco Sports and Outdoors,自营,Nora Nguyen,139.04,USD,paid,paid,Y
DEMO2025092900274,274,2025-09-29,2025-09-29 20:26:48,20,1226,2025-09-29 19:26:48,19,VN,越南,Vietnam,越南,Asia/Ho_Chi_Minh,AliExpress,ST005,Xing Fan Go,自营,Arthur Garcia,191.28,USD,paid,paid,Y
DEMO2025092900275,275,2025-09-29,2025-09-29 20:30:15,20,1230,2025-09-29 19:30:15,19,TH,泰国,Thailand,泰国,Asia/Bangkok,temu,ST002,Camplab Outdoor Peak,自营,Anh Santos,181.44,USD,paid,paid,Y
DEMO2025092900276,276,2025-09-29,2025-09-29 20:35:16,20,1235,2025-09-29 20:35:16,20,MY,马来西亚,Malaysia,马来西亚,Asia/Kuala_Lumpur,temu,ST004,Outdoor equipment shop,自营,Anh Chen,253.12,USD,paid,paid,Y
DEMO2025092900277,277,2025-09-29,2025-09-29 20:35:20,20,1235,2025-09-29 14:35:20,14,FR,法国,France,法国,Europe/Paris,tiktok,ST007,YIHRA,自营,Leo Thomas,219.01,USD,paid,paid,Y
DEMO2025092900278,278,2025-09-29,2025-09-29 20:36:28,20,1236,2025-09-29 08:36:28,8,US,美国,United States,美国,America/New_York,tiktok,ST007,YIHRA,自营,Maria Garcia,160.67,USD,paid,paid,Y
DEMO2025092900279,279,2025-09-29,2025-09-29 20:42:51,20,1242,2025-09-29 19:42:51,19,VN,越南,Vietnam,越南,Asia/Ho_Chi_Minh,tiktok,ST007,YIHRA,自营,Nora Cook,423.18,USD,paid,paid,Y
DEMO2025092900280,280,2025-09-29,2025-09-29 20:43:33,20,1243,2025-09-29 19:43:33,19,TH,泰国,Thailand,泰国,Asia/Bangkok,tiktok,ST003,Coco Sports and Outdoors,自营,Maria Garcia,165.87,USD,paid,paid,Y
DEMO2025092900281,281,2025-09-29,2025-09-29 20:44:58,20,1244,2025-09-29 20:44:58,20,MY,马来西亚,Malaysia,马来西亚,Asia/Kuala_Lumpur,ozon,ST003,Coco Sports and Outdoors,自营,Logan Tan,207.72,USD,paid,paid,Y
DEMO2025092900282,282,2025-09-29,2025-09-29 20:45:13,20,1245,2025-09-29 13:45:13,13,GB,英国,United Kingdom,英国,Europe/London,AliExpress,ST002,Camplab Outdoor Peak,自营,Kai Moore,512.0,USD,paid,paid,Y
DEMO2025092900283,283,2025-09-29,2025-09-29 20:52:29,20,1252,2025-09-29 19:52:29,19,TH,泰国,Thailand,泰国,Asia/Bangkok,temu,ST005,Xing Fan Go,自营,Oscar Hill,188.87,USD,paid,paid,Y
DEMO2025092900284,284,2025-09-29,2025-09-29 20:59:24,20,1259,2025-09-29 20:59:24,20,MY,马来西亚,Malaysia,马来西亚,Asia/Kuala_Lumpur,AliExpress,ST006,Xing Fan Go,自营,Theo Lim,127.07,USD,paid,paid,Y
DEMO2025092900285,285,2025-09-29,2025-09-29 20:59:59,20,1259,2025-09-29 20:59:59,20,PH,菲律宾,Philippines,菲律宾,Asia/Manila,tiktok,ST006,Xing Fan Go,自营,Grace Ivanov,403.27,USD,paid,paid,Y
DEMO2025092900286,286,2025-09-29,2025-09-29 21:00:18,21,1260,2025-09-29 21:00:18,21,PH,菲律宾,Philippines,菲律宾,Asia/Manila,AliExpress,ST003,Coco Sports and Outdoors,自营,Mia Ivanov,182.89,USD,paid,paid,Y
DEMO2025092900287,287,2025-09-29,2025-09-29 21:02:00,21,1262,2025-09-29 20:02:00,20,TH,泰国,Thailand,泰国,Asia/Bangkok,AliExpress,ST007,YIHRA,自营,Ryan Walker,135.86,USD,paid,paid,Y
DEMO2025092900288,288,2025-09-29,2025-09-29 21:04:30,21,1264,2025-09-29 20:04:30,20,TH,泰国,Thailand,泰国,Asia/Bangkok,ozon,ST002,Camplab Outdoor Peak,自营,Ava Adams,171.67,USD,paid,paid,Y
DEMO2025092900289,289,2025-09-29,2025-09-29 21:18:05,21,1278,2025-09-29 09:18:05,9,US,美国,United States,美国,America/New_York,AliExpress,ST002,Camplab Outdoor Peak,自营,Minh Roberts,140.09,USD,paid,paid,Y
DEMO2025092900290,290,2025-09-29,2025-09-29 21:19:29,21,1279,2025-09-29 16:19:29,16,RU,俄罗斯,Russia,俄罗斯,Europe/Moscow,ozon,ST002,Camplab Outdoor Peak,自营,Jack Brown,385.63,USD,paid,paid,Y
DEMO2025092900291,291,2025-09-29,2025-09-29 21:20:35,21,1280,2025-09-29 21:20:35,21,PH,菲律宾,Philippines,菲律宾,Asia/Manila,tiktok,ST005,Xing Fan Go,自营,Dmitry Thomas,381.22,USD,paid,paid,Y
DEMO2025092900292,292,2025-09-29,2025-09-29 21:20:35,21,1280,2025-09-29 20:20:35,20,VN,越南,Vietnam,越南,Asia/Ho_Chi_Minh,temu,ST005,Xing Fan Go,自营,Logan Garcia,173.72,USD,paid,paid,Y
DEMO2025092900293,293,2025-09-29,2025-09-29 21:31:52,21,1291,2025-09-29 21:31:52,21,PH,菲律宾,Philippines,菲律宾,Asia/Manila,AliExpress,ST002,Camplab Outdoor Peak,自营,Ivan Ivanov,204.27,USD,paid,paid,Y
DEMO2025092900294,294,2025-09-29,2025-09-29 21:33:12,21,1293,2025-09-29 09:33:12,9,US,美国,United States,美国,America/New_York,tiktok,ST007,YIHRA,自营,Anh Garcia,184.35,USD,paid,paid,Y
DEMO2025092900295,295,2025-09-29,2025-09-29 21:33:59,21,1293,2025-09-29 21:33:59,21,MY,马来西亚,Malaysia,马来西亚,Asia/Kuala_Lumpur,tiktok,ST003,Coco Sports and Outdoors,自营,Juan Lopez,193.19,USD,paid,paid,Y
DEMO2025092900296,296,2025-09-29,2025-09-29 21:36:59,21,1296,2025-09-29 15:36:59,15,FR,法国,France,法国,Europe/Paris,tiktok,ST005,Xing Fan Go,自营,Liam Miller,197.64,USD,paid,paid,Y
DEMO2025092900297,297,2025-09-29,2025-09-29 21:39:15,21,1299,2025-09-29 15:39:15,15,FR,法国,France,法国,Europe/Paris,ozon,ST002,Camplab Outdoor Peak,自营,Ivan Lim,140.17,USD,paid,paid,Y
DEMO2025092900298,298,2025-09-29,2025-09-29 21:40:33,21,1300,2025-09-29 20:40:33,20,TH,泰国,Thailand,泰国,Asia/Bangkok,temu,ST003,Coco Sports and Outdoors,自营,Arun Green,169.52,USD,paid,paid,Y
DEMO2025092900299,299,2025-09-29,2025-09-29 21:42:37,21,1302,2025-09-29 14:42:37,14,GB,英国,United Kingdom,英国,Europe/London,AliExpress,ST002,Camplab Outdoor Peak,自营,Louis King,229.24,USD,paid,paid,Y
DEMO2025092900300,300,2025-09-29,2025-09-29 21:43:42,21,1303,2025-09-29 21:43:42,21,MY,马来西亚,Malaysia,马来西亚,Asia/Kuala_Lumpur,tiktok,ST005,Xing Fan Go,自营,Ivan Lee,202.88,USD,paid,paid,Y
DEMO2025092900301,301,2025-09-29,2025-09-29 21:49:23,21,1309,2025-09-29 14:49:23,14,GB,英国,United Kingdom,英国,Europe/London,AliExpress,ST001,YHR C,自营,Dmitry Santos,140.61,USD,paid,paid,Y
DEMO2025092900302,302,2025-09-29,2025-09-29 21:59:18,21,1319,2025-09-29 21:59:18,21,PH,菲律宾,Philippines,菲律宾,Asia/Manila,tiktok,ST007,YIHRA,自营,Theo Lee,156.87,USD,paid,paid,Y
DEMO2025092900303,303,2025-09-29,2025-09-29 21:59:34,21,1319,2025-09-29 21:59:34,21,PH,菲律宾,Philippines,菲律宾,Asia/Manila,tiktok,ST002,Camplab Outdoor Peak,自营,Ryan Clark,534.78,USD,paid,paid,Y
DEMO2025092900304,304,2025-09-29,2025-09-29 21:59:50,21,1319,2025-09-29 20:59:50,20,VN,越南,Vietnam,越南,Asia/Ho_Chi_Minh,AliExpress,ST006,Xing Fan Go,自营,Mark Johnson,165.8,USD,paid,paid,Y
DEMO2025092900305,305,2025-09-29,2025-09-29 22:01:31,22,1321,2025-09-29 21:01:31,21,VN,越南,Vietnam,越南,Asia/Ho_Chi_Minh,tiktok,ST001,YHR C,自营,Maria Young,163.11,USD,paid,paid,Y
DEMO2025092900306,306,2025-09-29,2025-09-29 22:04:11,22,1324,2025-09-29 22:04:11,22,PH,菲律宾,Philippines,菲律宾,Asia/Manila,temu,ST003,Coco Sports and Outdoors,自营,Kai Chen,219.76,USD,paid,paid,Y
DEMO2025092900307,307,2025-09-29,2025-09-29 22:15:23,22,1335,2025-09-29 15:15:23,15,GB,英国,United Kingdom,英国,Europe/London,mercado,ST007,YIHRA,自营,Theo Clark,140.37,USD,paid,paid,Y
DEMO2025092900308,308,2025-09-29,2025-09-29 22:29:34,22,1349,2025-09-29 10:29:34,10,US,美国,United States,美国,America/New_York,tiktok,ST002,Camplab Outdoor Peak,自营,Nguyen Martin,174.36,USD,paid,paid,Y
DEMO2025092900309,309,2025-09-29,2025-09-29 22:32:26,22,1352,2025-09-29 21:32:26,21,VN,越南,Vietnam,越南,Asia/Ho_Chi_Minh,tiktok,ST005,Xing Fan Go,自营,Sergio Chen,351.17,USD,paid,paid,Y
DEMO2025092900310,310,2025-09-29,2025-09-29 22:32:54,22,1352,2025-09-29 22:32:54,22,PH,菲律宾,Philippines,菲律宾,Asia/Manila,temu,ST004,Outdoor equipment shop,自营,Nora Taylor,222.76,USD,paid,paid,Y
DEMO2025092900311,311,2025-09-29,2025-09-29 22:33:22,22,1353,2025-09-29 10:33:22,10,US,美国,United States,美国,America/New_York,tiktok,ST002,Camplab Outdoor Peak,自营,Ethan Wright,179.05,USD,paid,paid,Y
DEMO2025092900312,312,2025-09-29,2025-09-29 22:33:22,22,1353,2025-09-29 21:33:22,21,TH,泰国,Thailand,泰国,Asia/Bangkok,temu,ST004,Outdoor equipment shop,自营,Nina Cook,142.97,USD,paid,paid,Y
DEMO2025092900313,313,2025-09-29,2025-09-29 22:35:28,22,1355,2025-09-29 21:35:28,21,VN,越南,Vietnam,越南,Asia/Ho_Chi_Minh,temu,ST001,YHR C,自营,Ryan Chen,228.11,USD,paid,paid,Y
DEMO2025092900314,314,2025-09-29,2025-09-29 22:35:36,22,1355,2025-09-29 15:35:36,15,GB,英国,United Kingdom,英国,Europe/London,mercado,ST005,Xing Fan Go,自营,Logan Hill,149.64,USD,paid,paid,Y
DEMO2025092900315,315,2025-09-29,2025-09-29 22:40:23,22,1360,2025-09-29 21:40:23,21,VN,越南,Vietnam,越南,Asia/Ho_Chi_Minh,tiktok,ST005,Xing Fan Go,自营,Sophia Wilson,229.54,USD,paid,paid,Y
DEMO2025092900316,316,2025-09-29,2025-09-29 22:40:32,22,1360,2025-09-29 22:40:32,22,MY,马来西亚,Malaysia,马来西亚,Asia/Kuala_Lumpur,temu,ST007,YIHRA,自营,James Jones,287.92,USD,paid,paid,Y
DEMO2025092900317,317,2025-09-29,2025-09-29 22:42:58,22,1362,2025-09-29 21:42:58,21,VN,越南,Vietnam,越南,Asia/Ho_Chi_Minh,temu,ST004,Outdoor equipment shop,自营,Juan Diaz,327.95,USD,paid,paid,Y
DEMO2025092900318,318,2025-09-29,2025-09-29 22:45:31,22,1365,2025-09-29 22:45:31,22,MY,马来西亚,Malaysia,马来西亚,Asia/Kuala_Lumpur,temu,ST002,Camplab Outdoor Peak,自营,Arun Lopez,205.78,USD,paid,paid,Y
DEMO2025092900319,319,2025-09-29,2025-09-29 22:47:19,22,1367,2025-09-29 10:47:19,10,US,美国,United States,美国,America/New_York,AliExpress,ST006,Xing Fan Go,自营,Ryan Johnson,225.49,USD,paid,paid,Y
DEMO2025092900320,320,2025-09-29,2025-09-29 22:50:34,22,1370,2025-09-29 16:50:34,16,FR,法国,France,法国,Europe/Paris,tiktok,ST005,Xing Fan Go,自营,Arthur Petrov,162.18,USD,paid,paid,Y
DEMO2025092900321,321,2025-09-29,2025-09-29 22:52:41,22,1372,2025-09-29 10:52:41,10,US,美国,United States,美国,America/New_York,ozon,ST006,Xing Fan Go,自营,Liam Carter,453.9,USD,paid,paid,Y
DEMO2025092900322,322,2025-09-29,2025-09-29 23:00:08,23,1380,2025-09-29 11:00:08,11,US,美国,United States,美国,America/New_York,tiktok,ST006,Xing Fan Go,自营,Jack Chen,140.65,USD,paid,paid,Y
DEMO2025092900323,323,2025-09-29,2025-09-29 23:05:47,23,1385,2025-09-29 16:05:47,16,GB,英国,United Kingdom,英国,Europe/London,temu,ST006,Xing Fan Go,自营,Oscar Petrov,189.08,USD,paid,paid,Y
DEMO2025092900324,324,2025-09-29,2025-09-29 23:10:38,23,1390,2025-09-29 16:10:38,16,GB,英国,United Kingdom,英国,Europe/London,tiktok,ST005,Xing Fan Go,自营,Ethan Garcia,236.78,USD,paid,paid,Y
DEMO2025092900325,325,2025-09-29,2025-09-29 23:16:11,23,1396,2025-09-29 23:16:11,23,MY,马来西亚,Malaysia,马来西亚,Asia/Kuala_Lumpur,temu,ST005,Xing Fan Go,自营,Grace Ivanov,154.62,USD,paid,paid,Y
DEMO2025092900326,326,2025-09-29,2025-09-29 23:19:50,23,1399,2025-09-29 22:19:50,22,VN,越南,Vietnam,越南,Asia/Ho_Chi_Minh,tiktok,ST001,YHR C,自营,Nora Garcia,167.66,USD,paid,paid,Y
DEMO2025092900327,327,2025-09-29,2025-09-29 23:20:14,23,1400,2025-09-29 16:20:14,16,GB,英国,United Kingdom,英国,Europe/London,AliExpress,ST004,Outdoor equipment shop,自营,Ava Santos,318.45,USD,paid,paid,Y
DEMO2025092900328,328,2025-09-29,2025-09-29 23:20:58,23,1400,2025-09-29 18:20:58,18,RU,俄罗斯,Russia,俄罗斯,Europe/Moscow,AliExpress,ST003,Coco Sports and Outdoors,自营,Dmitry Baker,466.84,USD,paid,paid,Y
DEMO2025092900329,329,2025-09-29,2025-09-29 23:23:42,23,1403,2025-09-29 17:23:42,17,FR,法国,France,法国,Europe/Paris,tiktok,ST002,Camplab Outdoor Peak,自营,Arthur Adams,163.93,USD,paid,paid,Y
DEMO2025092900330,330,2025-09-29,2025-09-29 23:25:49,23,1405,2025-09-29 16:25:49,16,GB,英国,United Kingdom,英国,Europe/London,AliExpress,ST003,Coco Sports and Outdoors,自营,Liam Brown,125.84,USD,paid,paid,Y
DEMO2025092900331,331,2025-09-29,2025-09-29 23:26:29,23,1406,2025-09-29 22:26:29,22,VN,越南,Vietnam,越南,Asia/Ho_Chi_Minh,tiktok,ST007,YIHRA,自营,Ella Santos,206.53,USD,paid,paid,Y
DEMO2025092900332,332,2025-09-29,2025-09-29 23:28:13,23,1408,2025-09-29 22:28:13,22,VN,越南,Vietnam,越南,Asia/Ho_Chi_Minh,tiktok,ST001,YHR C,自营,Arthur Nguyen,200.59,USD,paid,paid,Y
DEMO2025092900333,333,2025-09-29,2025-09-29 23:32:17,23,1412,2025-09-29 23:32:17,23,PH,菲律宾,Philippines,菲律宾,Asia/Manila,temu,ST005,Xing Fan Go,自营,Chris Cook,156.88,USD,paid,paid,Y
DEMO2025092900334,334,2025-09-29,2025-09-29 23:37:35,23,1417,2025-09-29 22:37:35,22,VN,越南,Vietnam,越南,Asia/Ho_Chi_Minh,temu,ST004,Outdoor equipment shop,自营,Ava Wright,179.64,USD,paid,paid,Y
DEMO2025092900335,335,2025-09-29,2025-09-29 23:37:57,23,1417,2025-09-29 17:37:57,17,FR,法国,France,法国,Europe/Paris,AliExpress,ST002,Camplab Outdoor Peak,自营,Ivan Tan,125.68,USD,paid,paid,Y
DEMO2025092900336,336,2025-09-29,2025-09-29 23:38:09,23,1418,2025-09-29 22:38:09,22,VN,越南,Vietnam,越南,Asia/Ho_Chi_Minh,tiktok,ST001,YHR C,自营,Johnny Nguyen,139.72,USD,paid,paid,Y
DEMO2025092900337,337,2025-09-29,2025-09-29 23:40:11,23,1420,2025-09-29 18:40:11,18,RU,俄罗斯,Russia,俄罗斯,Europe/Moscow,temu,ST002,Camplab Outdoor Peak,自营,Jack Pham,256.4,USD,paid,paid,Y
DEMO2025092900338,338,2025-09-29,2025-09-29 23:41:23,23,1421,2025-09-29 17:41:23,17,FR,法国,France,法国,Europe/Paris,AliExpress,ST002,Camplab Outdoor Peak,自营,Logan Cook,393.28,USD,paid,paid,Y
DEMO2025092900339,339,2025-09-29,2025-09-29 23:41:36,23,1421,2025-09-29 11:41:36,11,US,美国,United States,美国,America/New_York,tiktok,ST001,YHR C,自营,Ava Nguyen,172.93,USD,paid,paid,Y
DEMO2025092900340,340,2025-09-29,2025-09-29 23:41:40,23,1421,2025-09-29 22:41:40,22,VN,越南,Vietnam,越南,Asia/Ho_Chi_Minh,mercado,ST002,Camplab Outdoor Peak,自营,Grace Santos,469.78,USD,paid,paid,Y
